-- CREATE database db_tienda_is2;
-- use db_tienda_is2;



-- CREATE database db_tienda_isoftware;
-- use db_tienda_isoftware;


CREATE TABLE `categoria` (
  `idcategoria` bigint(20) NOT NULL,
  `nombre` varchar(255) NOT NULL,
  `descripcion` text NOT NULL,
  `portada` varchar(100) NOT NULL,
  `datecreated` datetime NOT NULL DEFAULT current_timestamp(),
  `ruta` varchar(255) NOT NULL,
  `status` int(11) NOT NULL DEFAULT 1
) ENGINE=InnoDB DEFAULT CHARSET=utf8mb4 COLLATE=utf8mb4_swedish_ci;

--
-- Volcado de datos para la tabla `categoria`
--

INSERT INTO `categoria` (`idcategoria`, `nombre`, `descripcion`, `portada`, `datecreated`, `ruta`, `status`) VALUES
(1, 'Hombre', '¡Artículos de moda para caballeros!', 'fondohombre2.jpg', '2021-08-20 03:04:04', 'nhombre', 1),
(2, 'Mujer', '¡Lo mejor en moda femenina!', 'fondomujer2.jpg', '2021-08-21 00:47:10', 'mujer', 1),
(3, 'Niño', '¡Todo en moda para niños!', 'fondoniño3.jpg', '2023-11-20 12:56:37', 'niños', 1),
(4, 'Niña', '¡Todo en moda para niñas!', 'fondoniña.jpg', '2023-11-20 13:40:16', 'niñas', 1),
(5, 'Bebes', '¡Gran variedad de ropa para bebes!', 'fondobebes2.jpg', '2023-11-26 00:24:22', 'bebes', 1);

-- --------------------------------------------------------

--
-- Estructura de tabla para la tabla `comida`
--

CREATE TABLE `comida` (
  `id_comida` char(4) NOT NULL,
  `nombre` varchar(50) NOT NULL,
  `estado` bit(1) NOT NULL
) ENGINE=InnoDB DEFAULT CHARSET=utf8mb4 COLLATE=utf8mb4_general_ci;

-- --------------------------------------------------------

--
-- Estructura de tabla para la tabla `contacto`
--

CREATE TABLE `contacto` (
  `id` bigint(20) NOT NULL,
  `nombre` varchar(200) NOT NULL,
  `numerotelefono` int(11) NOT NULL,
  `email` varchar(200) NOT NULL,
  `mensaje` text NOT NULL,
  `ip` varchar(15) NOT NULL,
  `dispositivo` varchar(25) NOT NULL,
  `useragent` text NOT NULL,
  `datecreated` datetime NOT NULL DEFAULT current_timestamp()
) ENGINE=InnoDB DEFAULT CHARSET=utf8mb4 COLLATE=utf8mb4_swedish_ci;

--
-- Volcado de datos para la tabla `contacto`
--

INSERT INTO `contacto` (`id`, `nombre`, `numerotelefono`, `email`, `mensaje`, `ip`, `dispositivo`, `useragent`, `datecreated`) VALUES
(1, 'Fernando Herrera', 9101020, 'toolsfordeveloper@gmail.com', 'Mensaje del primer suscriptor!', '127.0.0.1', 'PC', 'Mozilla/5.0 (Windows NT 10.0; Win64; x64; rv:91.0) Gecko/20100101 Firefox/91.0', '2021-08-20 04:06:18'),
(2, 'Julio', 917390964, 'julio@gmail.com', 'Necesito compras un producto navideño', '::1', 'PC', 'Mozilla/5.0 (Windows NT 10.0; Win64; x64) AppleWebKit/537.36 (KHTML, like Gecko) Chrome/119.0.0.0 Safari/537.36', '2023-11-21 15:21:06'),
(4, 'Sssss', 0, 'dsfasdf@gmail.com', 'safasdfasdf', '::1', 'PC', 'Mozilla/5.0 (Windows NT 10.0; Win64; x64) AppleWebKit/537.36 (KHTML, like Gecko) Chrome/124.0.0.0 Safari/537.36', '2024-05-14 10:48:33'),
(5, 'Neil', 0, 'deigo@gmail.com', 'hola', '::1', 'PC', 'Mozilla/5.0 (Windows NT 10.0; Win64; x64) AppleWebKit/537.36 (KHTML, like Gecko) Chrome/124.0.0.0 Safari/537.36', '2024-05-14 10:51:35'),
(6, 'Fsfsf', 0, 'gonsalespradoalex@gmail.com', 'necesitos', '::1', 'PC', 'Mozilla/5.0 (Windows NT 10.0; Win64; x64) AppleWebKit/537.36 (KHTML, like Gecko) Chrome/124.0.0.0 Safari/537.36', '2024-05-21 05:00:18'),
(7, 'Safasdf', 0, 'gonsalespradoalex@gmail.com', 'rwerwerwter', '::1', 'PC', 'Mozilla/5.0 (Windows NT 10.0; Win64; x64) AppleWebKit/537.36 (KHTML, like Gecko) Chrome/124.0.0.0 Safari/537.36', '2024-05-21 05:05:13'),
(8, 'Holaaaaaaaaaa', 0, 'gonsalespradoalex@gmail.com', 'sdfgsdffgsdfg', '::1', 'PC', 'Mozilla/5.0 (Windows NT 10.0; Win64; x64) AppleWebKit/537.36 (KHTML, like Gecko) Chrome/124.0.0.0 Safari/537.36', '2024-05-21 05:07:38'),
(9, 'Holaaaaaaaaaa', 0, 'gonsalespradoalex@gmail.com', '222222222444', '::1', 'PC', 'Mozilla/5.0 (Windows NT 10.0; Win64; x64) AppleWebKit/537.36 (KHTML, like Gecko) Chrome/124.0.0.0 Safari/537.36', '2024-05-21 05:09:47'),
(10, 'Diego', 0, 'diego@gmail.com', 'hola', '::1', 'PC', 'Mozilla/5.0 (Windows NT 10.0; Win64; x64) AppleWebKit/537.36 (KHTML, like Gecko) Chrome/125.0.0.0 Safari/537.36', '2024-06-11 16:46:30');

-- --------------------------------------------------------

--
-- Estructura de tabla para la tabla `cotizacion`
--

CREATE TABLE `cotizacion` (
  `id_cotizacion` int(11) NOT NULL,
  `id_tipo_evento` char(5) NOT NULL,
  `id_metodo_atencion` char(3) NOT NULL,
  `nombres` varchar(50) NOT NULL,
  `apellidos` varchar(60) NOT NULL,
  `celular` char(9) NOT NULL,
  `telefono_fijo` char(9) NOT NULL,
  `correo` varchar(30) NOT NULL,
  `nombre_empresa` varchar(60) NOT NULL,
  `n_invitados` int(11) NOT NULL,
  `fecha_evento` date NOT NULL,
  `hora_inicio` time NOT NULL,
  `hora_fin` time NOT NULL,
  `detalles_comentarios` text NOT NULL,
  `suscrito` enum('SI','NO') NOT NULL,
  `situacion` enum('ATENDIDO','PENDIENTE') NOT NULL,
  `estado` bit(1) NOT NULL
) ENGINE=InnoDB DEFAULT CHARSET=utf8mb4 COLLATE=utf8mb4_general_ci;

--
-- Volcado de datos para la tabla `cotizacion`
--

INSERT INTO `cotizacion` (`id_cotizacion`, `id_tipo_evento`, `id_metodo_atencion`, `nombres`, `apellidos`, `celular`, `telefono_fijo`, `correo`, `nombre_empresa`, `n_invitados`, `fecha_evento`, `hora_inicio`, `hora_fin`, `detalles_comentarios`, `suscrito`, `situacion`, `estado`) VALUES
(1, 'TP001', 'M01', 'CARLOS', 'PAZ GARCÍA', '998989812', '056123458', 'paz@gmail.com', 'PAZ CONTADORES', 50, '2024-05-17', '20:00:00', '03:00:00', 'ESPERO SU RESPUESTA', 'SI', 'ATENDIDO', b'1'),
(2, 'TP002', 'M02', 'MARIANO', 'GUERRA LOPEZ', '998787574', '056434343', 'guerra@gmail.com', '', 80, '2024-05-19', '21:00:00', '04:00:00', 'ESPERO SU LLAMADA', 'NO', 'ATENDIDO', b'1'),
(3, 'TP001', 'M01', 'Maria Elena', 'Quiroz', '998987887', '979898989', 'elena@gmail.com', 'compunet', 111, '2024-06-11', '18:29:00', '20:29:00', '', 'SI', 'PENDIENTE', b'1'),
(4, 'TP001', 'M02', 'José', 'Avalos', '223232323', '343434343', 'ssdsdsds@gmail.com', 'empresa SAC', 34, '2024-06-12', '21:34:00', '18:39:00', '', 'SI', 'PENDIENTE', b'1');

-- --------------------------------------------------------

--
-- Estructura de tabla para la tabla `detalle_pedido`
--

CREATE TABLE `detalle_pedido` (
  `id` bigint(20) NOT NULL,
  `pedidoid` bigint(20) NOT NULL,
  `productoid` bigint(20) NOT NULL,
  `precio` decimal(11,2) NOT NULL,
  `cantidad` int(11) NOT NULL
) ENGINE=InnoDB DEFAULT CHARSET=utf8mb4 COLLATE=utf8mb4_swedish_ci;

--
-- Volcado de datos para la tabla `detalle_pedido`
--

INSERT INTO `detalle_pedido` (`id`, `pedidoid`, `productoid`, `precio`, `cantidad`) VALUES
(1, 1, 2, '200.00', 1),
(4, 3, 5, '65.00', 1),
(5, 4, 3, '38.00', 1),
(6, 5, 5, '65.00', 1),
(7, 6, 5, '65.00', 1),
(8, 7, 5, '65.00', 1);

-- --------------------------------------------------------

--
-- Estructura de tabla para la tabla `detalle_temp`
--

CREATE TABLE `detalle_temp` (
  `id` bigint(20) NOT NULL,
  `personaid` bigint(20) NOT NULL,
  `productoid` bigint(20) NOT NULL,
  `precio` decimal(11,2) NOT NULL,
  `cantidad` int(11) NOT NULL,
  `transaccionid` varchar(255) NOT NULL
) ENGINE=InnoDB DEFAULT CHARSET=utf8mb4 COLLATE=utf8mb4_swedish_ci;

-- --------------------------------------------------------

--
-- Estructura de tabla para la tabla `imagen`
--

CREATE TABLE `imagen` (
  `id` bigint(20) NOT NULL,
  `productoid` bigint(20) NOT NULL,
  `img` varchar(100) NOT NULL
) ENGINE=InnoDB DEFAULT CHARSET=utf8mb4 COLLATE=utf8mb4_swedish_ci;

--
-- Volcado de datos para la tabla `imagen`
--

INSERT INTO `imagen` (`id`, `productoid`, `img`) VALUES
(135, 2, 'pro_7ec90d59fde2627e32404634dc96a3e6.jpg'),
(136, 3, 'pro_adfc9e09d6fe689720b5540323b2a6fc.jpg'),
(137, 4, 'pro_38c9027c64bb28434015f8acc4266340.jpg'),
(139, 5, 'pro_ee7f0ac458bbbbe5deba0c0b7934452a.jpg');

-- --------------------------------------------------------

--
-- Estructura de tabla para la tabla `metodo_atencion`
--

CREATE TABLE `metodo_atencion` (
  `id_metodo_atencion` char(3) NOT NULL,
  `nombre` varchar(50) NOT NULL,
  `estado` bit(1) NOT NULL
) ENGINE=InnoDB DEFAULT CHARSET=utf8mb4 COLLATE=utf8mb4_general_ci;

--
-- Volcado de datos para la tabla `metodo_atencion`
--

INSERT INTO `metodo_atencion` (`id_metodo_atencion`, `nombre`, `estado`) VALUES
('M01', 'WHATSAPP', b'1'),
('M02', 'LLAMADA', b'1');

-- --------------------------------------------------------

--
-- Estructura de tabla para la tabla `modulo`
--

CREATE TABLE `modulo` (
  `idmodulo` bigint(20) NOT NULL,
  `titulo` varchar(50) NOT NULL,
  `descripcion` text NOT NULL,
  `status` int(11) NOT NULL DEFAULT 1
) ENGINE=InnoDB DEFAULT CHARSET=utf8mb4 COLLATE=utf8mb4_swedish_ci;

--
-- Volcado de datos para la tabla `modulo`
--

INSERT INTO `modulo` (`idmodulo`, `titulo`, `descripcion`, `status`) VALUES
(1, 'Dashboard', 'Dashboard', 1),
(2, 'Usuarios', 'Usuarios del sistema', 1),
(3, 'Clientes', 'Clientes de tienda', 1),
(4, 'Productos', 'Todos los productos', 1),
(5, 'Pedidos', 'Pedidos', 1),
(6, 'Caterogías', 'Caterogías Productos', 1),
(7, 'Suscriptores', 'Suscriptores del sitio web', 1),
(8, 'Contactos', 'Mensajes del formulario contacto', 1),
(9, 'Páginas', 'Páginas del sitio web', 1);

-- --------------------------------------------------------

--
-- Estructura de tabla para la tabla `pedido`
--

CREATE TABLE `pedido` (
  `idpedido` bigint(20) NOT NULL,
  `referenciacobro` varchar(255) DEFAULT NULL,
  `idtransaccionpaypal` varchar(255) DEFAULT NULL,
  `datospaypal` text DEFAULT NULL,
  `personaid` bigint(20) NOT NULL,
  `fecha` datetime NOT NULL DEFAULT current_timestamp(),
  `costo_envio` decimal(10,2) NOT NULL DEFAULT 0.00,
  `monto` decimal(11,2) NOT NULL,
  `tipopagoid` bigint(20) NOT NULL,
  `direccion_envio` text NOT NULL,
  `status` varchar(100) DEFAULT NULL
) ENGINE=InnoDB DEFAULT CHARSET=utf8mb4 COLLATE=utf8mb4_swedish_ci;

--
-- Volcado de datos para la tabla `pedido`
--

INSERT INTO `pedido` (`idpedido`, `referenciacobro`, `idtransaccionpaypal`, `datospaypal`, `personaid`, `fecha`, `costo_envio`, `monto`, `tipopagoid`, `direccion_envio`, `status`) VALUES
(1, '4561654687', NULL, NULL, 3, '2021-08-20 03:41:57', '50.00', '450.00', 3, 'Antigua Guatemala, Antigua Guatemala', 'Completo'),
(2, NULL, '8XD37465755620710', '{\"id\":\"4S6284553D668511R\",\"intent\":\"CAPTURE\",\"status\":\"COMPLETED\",\"purchase_units\":[{\"reference_id\":\"default\",\"amount\":{\"currency_code\":\"USD\",\"value\":\"350.00\"},\"payee\":{\"email_address\":\"sb-6z0da4580133@business.example.com\",\"merchant_id\":\"ULNZF7CTTE748\"},\"description\":\"Compra de artículos en Tienda Virtual por $350 \",\"soft_descriptor\":\"PAYPAL *JOHNDOESTES\",\"shipping\":{\"name\":{\"full_name\":\"John Doe\"},\"address\":{\"address_line_1\":\"Free Trade Zone\",\"admin_area_2\":\"Guatemala City\",\"admin_area_1\":\"Guatemala City\",\"postal_code\":\"01001\",\"country_code\":\"GT\"}},\"payments\":{\"captures\":[{\"id\":\"8XD37465755620710\",\"status\":\"COMPLETED\",\"amount\":{\"currency_code\":\"USD\",\"value\":\"350.00\"},\"final_capture\":true,\"seller_protection\":{\"status\":\"ELIGIBLE\",\"dispute_categories\":[\"ITEM_NOT_RECEIVED\",\"UNAUTHORIZED_TRANSACTION\"]},\"create_time\":\"2021-08-20T09:48:38Z\",\"update_time\":\"2021-08-20T09:48:38Z\"}]}}],\"payer\":{\"name\":{\"given_name\":\"John\",\"surname\":\"Doe\"},\"email_address\":\"sb-iimwo4579006@personal.example.com\",\"payer_id\":\"ZTA3QXTY5JS6Q\",\"address\":{\"country_code\":\"GT\"}},\"create_time\":\"2021-08-20T09:46:25Z\",\"update_time\":\"2021-08-20T09:48:38Z\",\"links\":[{\"href\":\"https://api.sandbox.paypal.com/v2/checkout/orders/4S6284553D668511R\",\"rel\":\"self\",\"method\":\"GET\"}]}', 3, '2021-08-20 03:48:39', '50.00', '350.00', 1, 'Guatemala, Guatemala', 'Completo'),
(3, '155', NULL, NULL, 1, '2024-05-14 11:10:22', '5.00', '70.00', 3, 'diego@gmail.com, Lima Peru', 'Pendiente'),
(4, '45454', NULL, NULL, 1, '2024-05-14 11:12:02', '5.00', '43.00', 5, 'diego@gmail.com, Lima', 'Pendiente'),
(5, NULL, NULL, NULL, 1, '2024-05-14 11:18:03', '5.00', '70.00', 5, 'Lima, Cañete', 'Pendiente'),
(6, NULL, NULL, NULL, 7, '2024-05-14 16:47:10', '5.00', '70.00', 3, 'Lima, Cañete', 'Pendiente'),
(7, NULL, NULL, NULL, 8, '2024-06-08 22:18:52', '5.00', '70.00', 2, 'Lima, Lima', 'Pendiente');

-- --------------------------------------------------------

--
-- Estructura de tabla para la tabla `permisos`
--

CREATE TABLE `permisos` (
  `idpermiso` bigint(20) NOT NULL,
  `rolid` bigint(20) NOT NULL,
  `moduloid` bigint(20) NOT NULL,
  `r` int(11) NOT NULL DEFAULT 0,
  `w` int(11) NOT NULL DEFAULT 0,
  `u` int(11) NOT NULL DEFAULT 0,
  `d` int(11) NOT NULL DEFAULT 0
) ENGINE=InnoDB DEFAULT CHARSET=utf8mb4 COLLATE=utf8mb4_swedish_ci;

--
-- Volcado de datos para la tabla `permisos`
--

INSERT INTO `permisos` (`idpermiso`, `rolid`, `moduloid`, `r`, `w`, `u`, `d`) VALUES
(3, 1, 1, 1, 1, 1, 1),
(4, 1, 2, 1, 1, 1, 1),
(5, 1, 3, 1, 1, 1, 1),
(6, 1, 4, 1, 1, 1, 1),
(7, 1, 5, 1, 1, 1, 1),
(8, 1, 6, 1, 1, 1, 1),
(9, 1, 7, 1, 1, 1, 1),
(10, 1, 8, 1, 1, 1, 1),
(11, 1, 9, 1, 1, 1, 1),
(12, 2, 1, 1, 1, 1, 1),
(13, 2, 2, 0, 0, 0, 0),
(14, 2, 3, 1, 1, 1, 0),
(15, 2, 4, 1, 1, 1, 0),
(16, 2, 5, 1, 1, 1, 0),
(17, 2, 6, 1, 1, 1, 0),
(18, 2, 7, 1, 0, 0, 0),
(19, 2, 8, 1, 0, 0, 0),
(20, 2, 9, 1, 1, 1, 1),
(21, 3, 1, 0, 0, 0, 0),
(22, 3, 2, 0, 0, 0, 0),
(23, 3, 3, 0, 0, 0, 0),
(24, 3, 4, 0, 0, 0, 0),
(25, 3, 5, 1, 0, 0, 0),
(26, 3, 6, 0, 0, 0, 0),
(27, 3, 7, 0, 0, 0, 0),
(28, 3, 8, 0, 0, 0, 0),
(29, 3, 9, 0, 0, 0, 0),
(48, 4, 1, 1, 1, 0, 0),
(49, 4, 2, 1, 0, 0, 0),
(50, 4, 3, 1, 1, 1, 0),
(51, 4, 4, 1, 0, 0, 0),
(52, 4, 5, 1, 0, 1, 0),
(53, 4, 6, 0, 0, 0, 0),
(54, 4, 7, 1, 0, 0, 0),
(55, 4, 8, 1, 0, 0, 0),
(56, 4, 9, 0, 0, 0, 0);

-- --------------------------------------------------------

--
-- Estructura de tabla para la tabla `persona`
--

CREATE TABLE `persona` (
  `idpersona` bigint(20) NOT NULL,
  `identificacion` varchar(30) DEFAULT NULL,
  `nombres` varchar(80) NOT NULL,
  `apellidos` varchar(100) NOT NULL,
  `telefono` bigint(20) NOT NULL,
  `email_user` varchar(100) NOT NULL,
  `password` varchar(75) NOT NULL,
  `nit` varchar(20) DEFAULT NULL,
  `nombrefiscal` varchar(80) DEFAULT NULL,
  `direccionfiscal` varchar(100) DEFAULT NULL,
  `token` varchar(100) DEFAULT NULL,
  `rolid` bigint(20) NOT NULL,
  `datecreated` datetime NOT NULL DEFAULT current_timestamp(),
  `status` int(11) NOT NULL DEFAULT 1
) ENGINE=InnoDB DEFAULT CHARSET=utf8mb4 COLLATE=utf8mb4_swedish_ci;

--
-- Volcado de datos para la tabla `persona`
--

INSERT INTO `persona` (`idpersona`, `identificacion`, `nombres`, `apellidos`, `telefono`, `email_user`, `password`, `nit`, `nombrefiscal`, `direccionfiscal`, `token`, `rolid`, `datecreated`, `status`) VALUES
(1, '24091989', 'Wakami', 'Eventos', 123456, 'wakami@gmial.com', '8d969eef6ecad3c29a3a629280e686cf0c3f5d5a86aff3ca12020c923adc6c92', 'CF', 'Abel OSH', 'Ciudad', NULL, 1, '2021-08-20 01:34:15', 1),
(2, '24091990', 'Alexander', 'Menzoza', 456878977, 'alexander@gmial.com', '8d969eef6ecad3c29a3a629280e686cf0c3f5d5a86aff3ca12020c923adc6c92', NULL, NULL, NULL, NULL, 2, '2021-08-20 02:58:47', 1),
(3, '84654864', 'Arianna', 'Espinoza', 4687987, 'espinosa@gmial.com', '8d969eef6ecad3c29a3a629280e686cf0c3f5d5a86aff3ca12020c923adc6c92', '468798', 'Ricardo HP', 'Ciudad de Guatemala', NULL, 3, '2021-08-20 03:41:28', 1),
(4, '798465877', 'Dayana', 'Cerron', 468498, 'dajana@gmial.com', '8c6976e5b5410415bde908bd4dee15dfb167a9c873fc4bb8a81f6f2ab448a918', NULL, NULL, NULL, NULL, 4, '2021-08-21 18:07:00', 1),
(5, '2343242', 'Miguel', 'Auriss', 989796053, '2101@gmail.com', '8d969eef6ecad3c29a3a629280e686cf0c3f5d5a86aff3ca12020c923adc6c92', NULL, NULL, NULL, NULL, 1, '2024-05-14 00:24:52', 1),
(6, '846548644', 'Niel', 'Didi', 989887788, 'diego@gmial.com', '8d969eef6ecad3c29a3a629280e686cf0c3f5d5a86aff3ca12020c923adc6c92', NULL, NULL, NULL, NULL, 1, '2024-05-14 16:38:26', 1),
(7, '24234123', 'Denis', 'Dias', 79787878, 'compras@gmail.com', '8c6976e5b5410415bde908bd4dee15dfb167a9c873fc4bb8a81f6f2ab448a918', NULL, NULL, NULL, NULL, 1, '2024-05-14 16:46:49', 1),
(8, '0555545', 'Miguel', 'Auris', 98979698, 'miguel@gmail.com', '0a72ce20a0f596d5adbabc4d98873972ef6f972e6995e54bedcafa758517b121', '101188854557', 'Lima', 'Quilmana cañete', NULL, 3, '2024-06-08 22:18:31', 1);

-- --------------------------------------------------------

--
-- Estructura de tabla para la tabla `post`
--

CREATE TABLE `post` (
  `idpost` bigint(20) NOT NULL,
  `titulo` varchar(255) NOT NULL,
  `contenido` text NOT NULL,
  `portada` varchar(100) DEFAULT NULL,
  `datecreate` datetime NOT NULL DEFAULT current_timestamp(),
  `ruta` varchar(255) NOT NULL,
  `status` int(11) NOT NULL DEFAULT 1
) ENGINE=InnoDB DEFAULT CHARSET=utf8mb4 COLLATE=utf8mb4_swedish_ci;

--
-- Volcado de datos para la tabla `post`
--

INSERT INTO `post` (`idpost`, `titulo`, `contenido`, `portada`, `datecreate`, `ruta`, `status`) VALUES
(1, 'Inicio', '<div class=\"p-t-80\"> <h3 class=\"ltext-103 cl5\">Marcas</h3> </div> <div> <p>Trabajamos con las mejores marcas del mundo ...</p> </div> <div class=\"row\"> <div class=\"col-md-3\"><img src=\"Assets/images/MR1.jpg\" alt=\"Marca 1\" /></div> <div class=\"col-md-3\"><img src=\"Assets/images/MR2.png\" alt=\"Marca 2\" /></div> <div class=\"col-md-3\"><img src=\"Assets/images/MR3.png\" alt=\"Marca 3\" /></div> <div class=\"col-md-3\"><img src=\"Assets/images/MR4.png\" alt=\"Marca 4\" /></div> </div>', '', '2021-07-20 02:40:15', 'inicio', 1),
(2, 'Tienda', '<p>Contenido p&aacute;gina!</p>', '', '2021-08-06 01:21:27', 'tienda', 1),
(3, 'Carrito', '<p>Contenido p&aacute;gina!</p>', '', '2021-08-06 01:21:52', 'carrito', 1),
(4, 'Nosotros', '<section class=\"bg0 p-t-75 p-b-120\"> <div class=\"container\"><! Sección de Historia > <div class=\"row p-b-148\"> <div class=\"col-md-7 col-lg-8\"> <div class=\"p-t-7 p-r-85 p-r-15-lg p-r-0-md\"> <h3 class=\"mtext-111 cl2 p-b-16\">Historia</h3> </div> </div> </div> <div class=\"row\"> <div class=\"col-11 col-md-5 col-lg-4 m-lr-auto p-b-30\"> <div class=\"how-bor2\"> <div class=\"hov-img0\">Hace 15 a&ntilde;os, en 2009, naci&oacute; Wakami, fruto de la visi&oacute;n de un grupo de emprendedores que deseaban crear una empresa que no solo vendiera productos, sino que tambi&eacute;n generara un impacto positivo en la comunidad. Con un peque&ntilde;o taller en el coraz&oacute;n de la ciudad y una idea clara, comenzaron a dise&ntilde;ar y producir art&iacute;culos &uacute;nicos para eventos y celebraciones, enfoc&aacute;ndose en calidad y dise&ntilde;o innovador.</div> </div> </div> </div> <! Fin de la Sección de Nuestra Misión y Nuestra Visión ></div> </section>', '', '2021-08-09 03:09:44', 'nosotros', 1),
(5, 'Contacto', '<div class=\"map\"></div>', 'img_3024f13dc010ffab8c22da05ac6a32b9.jpg', '2021-08-09 03:11:08', 'contacto', 1),
(6, 'Preguntas frecuentes', '\r\n<ol> <li><strong>&iquest;Cu&aacute;l es el tiempo de entrega de los producto? </strong>Texto1</li> <li><strong>&iquest;C&oacute;mo es la forma de env&iacute;o de los productos?</strong> Texto2</li> <li><strong>&iquest;Cu&aacute;l es el tiempo m&aacute;ximo para solicitar un reembolso?</strong> Texto3</li> </ol> <p>&nbsp;</p> <p>Otras preguntas</p> <ul> <li><strong>&iquest;Qu&eacute; formas de pago aceptan? </strong><span style=\"color: #666666; font-family: Arial, sans-serif; font-size: 15px; font-style: normal; font-variant-ligatures: normal; font-variant-caps: normal; font-weight: 400; letter-spacing: normal; orphans: 2; text-align: left; text-indent: 0px; text-transform: none; white-space: normal; widows: 2; word-spacing: 0px; -webkit-text-stroke-width: 0px; background-color: #ffffff; text-decoration-thickness: initial; text-decoration-style: initial; text-decoration-color: initial; display: inline !important; float: none;\">Texto4</span></li> </ul>\r\n', '', '2021-08-11 01:24:19', 'preguntas-frecuentes', 1),
(7, 'Términos y Condiciones', '<p>A continuaci&oacute;n se describen los t&eacute;rmino y condiciones de la Tienda Virtual!</p> <ol> <li>Pol&iacute;tica uno</li> <li>Termino dos</li> <li>Condici&oacute;n tres</li> </ol> <p>Lorem ipsum dolor sit amet consectetur adipisicing elit. Nobis sunt, corrupti hic aspernatur cumque alias, ipsam omnis iure ipsum, nostrum labore obcaecati natus repellendus consequatur est nemo sapiente dolorem dicta. Lorem, ipsum dolor sit amet consectetur adipisicing elit. Commodi, voluptas, consectetur iusto delectus quaerat ullam nesciunt! Quae doloribus deserunt qui fugit illo nobis ipsum, accusamus eius perferendis beatae culpa molestias!</p>', '', '2021-08-11 01:51:06', 'terminos-y-condiciones', 1),
(8, 'Sucursales', '<section class=\"py-5 text-center\"> <div class=\"container\"> <p>Visitanos y obten los mejores precios del mercado, cualquier art&iacute;culo que necestas para vivir mejor</p> <a class=\"btn btn-info\" href=\"../../tienda_virtual/tienda\">VER PRODUCTOS</a></div> </section> <div class=\"py-5 bg-light\"> <div class=\"container\"> <div class=\"row\"> <div class=\"col-md-4\"> <div class=\"card mb-4 box-shadow hov-img0\"><img src=\"https://abelosh.com/tienda_virtual/Assets/images/s1.jpg\" alt=\"Tienda Uno\" width=\"100%\" height=\"100%\" /> <div class=\"card-body\"> <p class=\"card-text\">Lorem ipsum dolor, sit amet consectetur adipisicing elit. Quaerat necessitatibus eligendi, soluta ipsa natus, at earum qui enim, illum doloremque, accusantium autem nemo est esse nulla neque eaque repellendus amet.</p> <p>Direcci&oacute;n: Antigua Gautemala <br />Tel&eacute;fono: 4654645 <br />Correo: info@abelosh.com</p> </div> </div> </div> <div class=\"col-md-4\"> <div class=\"card mb-4 box-shadow hov-img0\"><img src=\"https://abelosh.com/tienda_virtual/Assets/images/s2.jpg\" alt=\"Sucural dos\" width=\"100%\" height=\"100%\" /> <div class=\"card-body\"> <p class=\"card-text\">Lorem ipsum dolor, sit amet consectetur adipisicing elit. Quaerat necessitatibus eligendi, soluta ipsa natus, at earum qui enim, illum doloremque, accusantium autem nemo est esse nulla neque eaque repellendus amet.</p> <p>Direcci&oacute;n: Antigua Gautemala <br />Tel&eacute;fono: 4654645 <br />Correo: info@abelosh.com</p> </div> </div> </div> <div class=\"col-md-4\"> <div class=\"card mb-4 box-shadow hov-img0\"><img src=\"https://abelosh.com/tienda_virtual/Assets/images/s3.jpg\" alt=\"Sucural tres\" width=\"100%\" height=\"100%\" /> <div class=\"card-body\"> <p class=\"card-text\">Lorem ipsum dolor, sit amet consectetur adipisicing elit. Quaerat necessitatibus eligendi, soluta ipsa natus, at earum qui enim, illum doloremque, accusantium autem nemo est esse nulla neque eaque repellendus amet.</p> <p>Direcci&oacute;n: Antigua Gautemala <br />Tel&eacute;fono: 4654645 <br />Correo: info@abelosh.com</p> </div> </div> </div> </div> </div> </div>', 'img_d72cb5712933863e051dc9c7fac5e253.jpg', '2021-08-11 02:26:45', 'sucursales', 1),
(9, 'Not Found', '<h1>Error 404: P&aacute;gina no encontrada</h1> <p>No se encuentra la p&aacute;gina que ha solicitado.</p>', '', '2021-08-12 02:30:49', 'not-found', 1),
(10, 'cotizaciones', '<p>f</p>', '', '2024-05-14 15:34:31', 'cotizaciones', 1);

-- --------------------------------------------------------

--
-- Estructura de tabla para la tabla `producto`
--

CREATE TABLE `producto` (
  `idproducto` bigint(20) NOT NULL,
  `categoriaid` bigint(20) NOT NULL,
  `codigo` varchar(30) NOT NULL,
  `nombre` varchar(255) NOT NULL,
  `descripcion` text NOT NULL,
  `precio` decimal(11,2) NOT NULL,
  `stock` int(11) NOT NULL,
  `imagen` varchar(100) DEFAULT NULL,
  `datecreated` datetime NOT NULL DEFAULT current_timestamp(),
  `ruta` varchar(255) NOT NULL,
  `status` int(11) NOT NULL DEFAULT 1
) ENGINE=InnoDB DEFAULT CHARSET=utf8mb4 COLLATE=utf8mb4_swedish_ci;

--
-- Volcado de datos para la tabla `producto`
--

INSERT INTO `producto` (`idproducto`, `categoriaid`, `codigo`, `nombre`, `descripcion`, `precio`, `stock`, `imagen`, `datecreated`, `ruta`, `status`) VALUES
(2, 1, '40001', 'Copas de brindis', '<p><br /><strong>Copas de brindis personalizadas para Novios</strong><br />- Copas de champ&aacute;n personalizados para boda (juego de 2)<br /><br /></p>', '85.00', 40, NULL, '2021-08-20 03:14:10', 'copas-de-brindis', 1),
(3, 2, '30002', 'Copa de brindis personalizada para quinceañera', '<p><br /><strong>Copa de brindis personalizada para quincea&ntilde;era color rosado</strong><br />- Copa para champ&aacute;n personalizado para quincea&ntilde;era (1 unidad)&nbsp;<br /><br /></p>', '38.00', 80, NULL, '2021-08-21 00:48:21', 'copa-de-brindis-personalizada-para-quinceanera', 1),
(4, 2, '40002', 'Corona Tiara con diseño de diamante de imitación', '<p><br /><strong>Corona Tiara con dise&ntilde;o de diamante de imitaci&oacute;n</strong><br />- Corona plateada con diamantes de imitaci&oacute;n para toda ocasi&oacute;n<br /><br /></p>', '76.00', 45, NULL, '2023-11-20 12:09:04', 'corona-tiara-con-diseno-de-diamante-de-imitacion', 1),
(5, 2, '30003', 'Bouquet personalizado para novia', '<p><strong>Bouquet personalizado para novia</strong><br />- Ramo de boda color crema con perlas para fiesta de boda<br /><br /></p>', '65.00', 16, NULL, '2023-11-20 22:07:29', 'bouquet-personalizado-para-novia', 1);

-- --------------------------------------------------------

--
-- Estructura de tabla para la tabla `reembolso`
--

CREATE TABLE `reembolso` (
  `id` bigint(20) NOT NULL,
  `pedidoid` bigint(20) NOT NULL,
  `idtransaccion` varchar(255) NOT NULL,
  `datosreembolso` text NOT NULL,
  `observacion` text NOT NULL,
  `status` varchar(150) NOT NULL
) ENGINE=InnoDB DEFAULT CHARSET=utf8mb4 COLLATE=utf8mb4_swedish_ci;

-- --------------------------------------------------------

--
-- Estructura de tabla para la tabla `rol`
--

CREATE TABLE `rol` (
  `idrol` bigint(20) NOT NULL,
  `nombrerol` varchar(50) NOT NULL,
  `descripcion` text NOT NULL,
  `observaciones` varchar(250) NOT NULL,
  `status` int(11) NOT NULL DEFAULT 1
) ENGINE=InnoDB DEFAULT CHARSET=utf8mb4 COLLATE=utf8mb4_swedish_ci;

--
-- Volcado de datos para la tabla `rol`
--

INSERT INTO `rol` (`idrol`, `nombrerol`, `descripcion`, `observaciones`, `status`) VALUES
(1, 'Administrador', 'Acceso a todo el sistema', 'Como administrador tiene privilegios superiores a diferencia de cualquier usuario.', 1),
(2, 'Supervisor', 'Supervisor de tiendas', 'Como supervisor tiene acceso a diferentes funcionalidades solo para ver, más no para editar.', 1),
(3, 'Cliente', 'Clientes en general', 'Permisos simples, no tienen acceso a funcionalidades de los trabajadores de la Tienda Virtual', 1),
(4, 'Vendedor', 'Operador de tienda', 'Maneja funcionalidades de acuerdo a su rol', 1);

-- --------------------------------------------------------

--
-- Estructura de tabla para la tabla `servicio`
--

CREATE TABLE `servicio` (
  `id_servicio` char(4) NOT NULL,
  `nombre` varchar(60) NOT NULL,
  `estado` bit(1) NOT NULL
) ENGINE=InnoDB DEFAULT CHARSET=utf8mb4 COLLATE=utf8mb4_general_ci;

-- --------------------------------------------------------

--
-- Estructura de tabla para la tabla `suscripciones`
--

CREATE TABLE `suscripciones` (
  `idsuscripcion` bigint(20) NOT NULL,
  `nombre` varchar(200) NOT NULL,
  `email` varchar(200) NOT NULL,
  `datecreated` datetime NOT NULL DEFAULT current_timestamp()
) ENGINE=InnoDB DEFAULT CHARSET=utf8mb4 COLLATE=utf8mb4_swedish_ci;

--
-- Volcado de datos para la tabla `suscripciones`
--

INSERT INTO `suscripciones` (`idsuscripcion`, `nombre`, `email`, `datecreated`) VALUES
(1, 'Roberto', 'toolsfordeveloper@gmail.com', '2021-08-20 04:05:10');

-- --------------------------------------------------------

--
-- Estructura de tabla para la tabla `tipopago`
--

CREATE TABLE `tipopago` (
  `idtipopago` bigint(20) NOT NULL,
  `tipopago` varchar(100) NOT NULL,
  `status` int(11) NOT NULL DEFAULT 1
) ENGINE=InnoDB DEFAULT CHARSET=utf8mb4 COLLATE=utf8mb4_swedish_ci;

--
-- Volcado de datos para la tabla `tipopago`
--

INSERT INTO `tipopago` (`idtipopago`, `tipopago`, `status`) VALUES
(1, 'PayPal', 1),
(2, 'Efectivo', 1),
(3, 'Yape', 1),
(4, 'Cheque', 1),
(5, 'Despósito Bancario', 1);

-- --------------------------------------------------------

--
-- Estructura de tabla para la tabla `tipo_evento`
--

CREATE TABLE `tipo_evento` (
  `id_tipo_evento` char(5) NOT NULL,
  `nombre` varchar(60) NOT NULL,
  `estado` bit(1) NOT NULL
) ENGINE=InnoDB DEFAULT CHARSET=utf8mb4 COLLATE=utf8mb4_general_ci;

--
-- Volcado de datos para la tabla `tipo_evento`
--

INSERT INTO `tipo_evento` (`id_tipo_evento`, `nombre`, `estado`) VALUES
('TP001', 'QUINCEAÑERA', b'1'),
('TP002', 'BODA', b'1');

--
-- Índices para tablas volcadas
--

--
-- Indices de la tabla `categoria`
--
ALTER TABLE `categoria`
  ADD PRIMARY KEY (`idcategoria`);

--
-- Indices de la tabla `comida`
--
ALTER TABLE `comida`
  ADD PRIMARY KEY (`id_comida`);

--
-- Indices de la tabla `contacto`
--
ALTER TABLE `contacto`
  ADD PRIMARY KEY (`id`);

--
-- Indices de la tabla `cotizacion`
--
ALTER TABLE `cotizacion`
  ADD PRIMARY KEY (`id_cotizacion`),
  ADD KEY `id_tipo_evento` (`id_tipo_evento`),
  ADD KEY `id_metodo_atencion` (`id_metodo_atencion`);

--
-- Indices de la tabla `detalle_pedido`
--
ALTER TABLE `detalle_pedido`
  ADD PRIMARY KEY (`id`),
  ADD KEY `pedidoid` (`pedidoid`),
  ADD KEY `productoid` (`productoid`);

--
-- Indices de la tabla `detalle_temp`
--
ALTER TABLE `detalle_temp`
  ADD PRIMARY KEY (`id`),
  ADD KEY `productoid` (`productoid`),
  ADD KEY `personaid` (`personaid`);

--
-- Indices de la tabla `imagen`
--
ALTER TABLE `imagen`
  ADD PRIMARY KEY (`id`),
  ADD KEY `productoid` (`productoid`);

--
-- Indices de la tabla `metodo_atencion`
--
ALTER TABLE `metodo_atencion`
  ADD PRIMARY KEY (`id_metodo_atencion`);

--
-- Indices de la tabla `modulo`
--
ALTER TABLE `modulo`
  ADD PRIMARY KEY (`idmodulo`);

--
-- Indices de la tabla `pedido`
--
ALTER TABLE `pedido`
  ADD PRIMARY KEY (`idpedido`),
  ADD KEY `personaid` (`personaid`),
  ADD KEY `tipopagoid` (`tipopagoid`);

--
-- Indices de la tabla `permisos`
--
ALTER TABLE `permisos`
  ADD PRIMARY KEY (`idpermiso`),
  ADD KEY `rolid` (`rolid`),
  ADD KEY `moduloid` (`moduloid`);

--
-- Indices de la tabla `persona`
--
ALTER TABLE `persona`
  ADD PRIMARY KEY (`idpersona`),
  ADD KEY `rolid` (`rolid`);

--
-- Indices de la tabla `post`
--
ALTER TABLE `post`
  ADD PRIMARY KEY (`idpost`);

--
-- Indices de la tabla `producto`
--
ALTER TABLE `producto`
  ADD PRIMARY KEY (`idproducto`),
  ADD KEY `categoriaid` (`categoriaid`);

--
-- Indices de la tabla `reembolso`
--
ALTER TABLE `reembolso`
  ADD PRIMARY KEY (`id`),
  ADD KEY `pedidoid` (`pedidoid`);

--
-- Indices de la tabla `rol`
--
ALTER TABLE `rol`
  ADD PRIMARY KEY (`idrol`);

--
-- Indices de la tabla `servicio`
--
ALTER TABLE `servicio`
  ADD PRIMARY KEY (`id_servicio`);

--
-- Indices de la tabla `suscripciones`
--
ALTER TABLE `suscripciones`
  ADD PRIMARY KEY (`idsuscripcion`);

--
-- Indices de la tabla `tipopago`
--
ALTER TABLE `tipopago`
  ADD PRIMARY KEY (`idtipopago`);

--
-- Indices de la tabla `tipo_evento`
--
ALTER TABLE `tipo_evento`
  ADD PRIMARY KEY (`id_tipo_evento`);

--
-- AUTO_INCREMENT de las tablas volcadas
--

--
-- AUTO_INCREMENT de la tabla `categoria`
--
ALTER TABLE `categoria`
  MODIFY `idcategoria` bigint(20) NOT NULL AUTO_INCREMENT, AUTO_INCREMENT=6;

--
-- AUTO_INCREMENT de la tabla `contacto`
--
ALTER TABLE `contacto`
  MODIFY `id` bigint(20) NOT NULL AUTO_INCREMENT, AUTO_INCREMENT=11;

--
-- AUTO_INCREMENT de la tabla `cotizacion`
--
ALTER TABLE `cotizacion`
  MODIFY `id_cotizacion` int(11) NOT NULL AUTO_INCREMENT, AUTO_INCREMENT=5;

--
-- AUTO_INCREMENT de la tabla `detalle_pedido`
--
ALTER TABLE `detalle_pedido`
  MODIFY `id` bigint(20) NOT NULL AUTO_INCREMENT, AUTO_INCREMENT=9;

--
-- AUTO_INCREMENT de la tabla `detalle_temp`
--
ALTER TABLE `detalle_temp`
  MODIFY `id` bigint(20) NOT NULL AUTO_INCREMENT;

--
-- AUTO_INCREMENT de la tabla `imagen`
--
ALTER TABLE `imagen`
  MODIFY `id` bigint(20) NOT NULL AUTO_INCREMENT, AUTO_INCREMENT=140;

--
-- AUTO_INCREMENT de la tabla `modulo`
--
ALTER TABLE `modulo`
  MODIFY `idmodulo` bigint(20) NOT NULL AUTO_INCREMENT, AUTO_INCREMENT=10;

--
-- AUTO_INCREMENT de la tabla `pedido`
--
ALTER TABLE `pedido`
  MODIFY `idpedido` bigint(20) NOT NULL AUTO_INCREMENT, AUTO_INCREMENT=8;

--
-- AUTO_INCREMENT de la tabla `permisos`
--
ALTER TABLE `permisos`
  MODIFY `idpermiso` bigint(20) NOT NULL AUTO_INCREMENT, AUTO_INCREMENT=57;

--
-- AUTO_INCREMENT de la tabla `persona`
--
ALTER TABLE `persona`
  MODIFY `idpersona` bigint(20) NOT NULL AUTO_INCREMENT, AUTO_INCREMENT=9;

--
-- AUTO_INCREMENT de la tabla `post`
--
ALTER TABLE `post`
  MODIFY `idpost` bigint(20) NOT NULL AUTO_INCREMENT, AUTO_INCREMENT=11;

--
-- AUTO_INCREMENT de la tabla `producto`
--
ALTER TABLE `producto`
  MODIFY `idproducto` bigint(20) NOT NULL AUTO_INCREMENT, AUTO_INCREMENT=86;

--
-- AUTO_INCREMENT de la tabla `reembolso`
--
ALTER TABLE `reembolso`
  MODIFY `id` bigint(20) NOT NULL AUTO_INCREMENT;

--
-- AUTO_INCREMENT de la tabla `rol`
--
ALTER TABLE `rol`
  MODIFY `idrol` bigint(20) NOT NULL AUTO_INCREMENT, AUTO_INCREMENT=5;

--
-- AUTO_INCREMENT de la tabla `suscripciones`
--
ALTER TABLE `suscripciones`
  MODIFY `idsuscripcion` bigint(20) NOT NULL AUTO_INCREMENT, AUTO_INCREMENT=2;

--
-- AUTO_INCREMENT de la tabla `tipopago`
--
ALTER TABLE `tipopago`
  MODIFY `idtipopago` bigint(20) NOT NULL AUTO_INCREMENT, AUTO_INCREMENT=6;

--
-- Restricciones para tablas volcadas
--

--
-- Filtros para la tabla `cotizacion`
--
ALTER TABLE `cotizacion`
  ADD CONSTRAINT `cotizacion_ibfk_1` FOREIGN KEY (`id_tipo_evento`) REFERENCES `tipo_evento` (`id_tipo_evento`),
  ADD CONSTRAINT `cotizacion_ibfk_2` FOREIGN KEY (`id_metodo_atencion`) REFERENCES `metodo_atencion` (`id_metodo_atencion`);

--
-- Filtros para la tabla `detalle_pedido`
--
ALTER TABLE `detalle_pedido`
  ADD CONSTRAINT `detalle_pedido_ibfk_1` FOREIGN KEY (`pedidoid`) REFERENCES `pedido` (`idpedido`) ON DELETE CASCADE ON UPDATE CASCADE,
  ADD CONSTRAINT `detalle_pedido_ibfk_2` FOREIGN KEY (`productoid`) REFERENCES `producto` (`idproducto`) ON DELETE CASCADE ON UPDATE CASCADE;

--
-- Filtros para la tabla `detalle_temp`
--
ALTER TABLE `detalle_temp`
  ADD CONSTRAINT `detalle_temp_ibfk_1` FOREIGN KEY (`productoid`) REFERENCES `producto` (`idproducto`) ON DELETE CASCADE ON UPDATE CASCADE;

--
-- Filtros para la tabla `imagen`
--
ALTER TABLE `imagen`
  ADD CONSTRAINT `imagen_ibfk_1` FOREIGN KEY (`productoid`) REFERENCES `producto` (`idproducto`) ON DELETE CASCADE ON UPDATE CASCADE;

--
-- Filtros para la tabla `pedido`
--
ALTER TABLE `pedido`
  ADD CONSTRAINT `pedido_ibfk_1` FOREIGN KEY (`personaid`) REFERENCES `persona` (`idpersona`) ON DELETE CASCADE ON UPDATE CASCADE,
  ADD CONSTRAINT `pedido_ibfk_2` FOREIGN KEY (`tipopagoid`) REFERENCES `tipopago` (`idtipopago`) ON DELETE CASCADE ON UPDATE CASCADE;

--
-- Filtros para la tabla `permisos`
--
ALTER TABLE `permisos`
  ADD CONSTRAINT `permisos_ibfk_1` FOREIGN KEY (`rolid`) REFERENCES `rol` (`idrol`) ON DELETE CASCADE ON UPDATE CASCADE,
  ADD CONSTRAINT `permisos_ibfk_2` FOREIGN KEY (`moduloid`) REFERENCES `modulo` (`idmodulo`) ON DELETE CASCADE ON UPDATE CASCADE;

--
-- Filtros para la tabla `persona`
--
ALTER TABLE `persona`
  ADD CONSTRAINT `persona_ibfk_1` FOREIGN KEY (`rolid`) REFERENCES `rol` (`idrol`) ON DELETE CASCADE ON UPDATE CASCADE;

--
-- Filtros para la tabla `producto`
--
ALTER TABLE `producto`
  ADD CONSTRAINT `producto_ibfk_1` FOREIGN KEY (`categoriaid`) REFERENCES `categoria` (`idcategoria`) ON DELETE CASCADE ON UPDATE CASCADE;

--
-- Filtros para la tabla `reembolso`
--
ALTER TABLE `reembolso`
  ADD CONSTRAINT `reembolso_ibfk_1` FOREIGN KEY (`pedidoid`) REFERENCES `pedido` (`idpedido`) ON DELETE CASCADE ON UPDATE CASCADE;
COMMIT;

SELECT @@hostname;

SELECT * FROM persona;

-- SELECT * FROM persona WHERE email_user = 'alexander@gmail.com' AND password = '4321';